<?xml version="1.0" encoding="utf-8"?><!DOCTYPE ContentObject SYSTEM "http://www.ilias.de/download/dtd/ilias_co_3_7.dtd"><!--Export of ILIAS Content Module 137 of installation 0.--><ContentObject Type="SCORM2004SCO"><MetaData><General Structure="Hierarchical"><Identifier Catalog="ILIAS" Entry="il_0_sco_137"/><Title Language="de">FlatTank Modell in aktion</Title><Language Language="de"/><Description Language="de"></Description><Keyword Language="de"/></General></MetaData><PageObject><MetaData><General Structure="Hierarchical"><Identifier Catalog="ILIAS" Entry="il_0_page_123"/><Title Language="de">Modell in aktion</Title><Language Language="de"/><Description Language="de"/><Keyword Language="de"/></General></MetaData><PageContent PCID="c1082cb46ff88458709c0d6098338431"><Paragraph Language="de" Characteristic="Standard">FlatTank Modelica Modell (Dynamic)</Paragraph></PageContent></PageObject></ContentObject>