<?xml version="1.0" encoding="utf-8"?><!DOCTYPE ContentObject SYSTEM "http://www.ilias.de/download/dtd/ilias_co_3_7.dtd"><!--Export of ILIAS Content Module 103 of installation 0.--><ContentObject Type="SCORM2004SCO"><MetaData><General Structure="Hierarchical"><Identifier Catalog="ILIAS" Entry="il_0_sco_103"/><Title Language="de">Modelica</Title><Language Language="de"/><Description Language="de"></Description><Keyword Language="de"/></General></MetaData><PageObject><MetaData><General Structure="Hierarchical"><Identifier Catalog="ILIAS" Entry="il_0_page_119"/><Title Language="de">Was ist Modelica</Title><Language Language="de"/><Description Language="de"/><Keyword Language="de"/></General></MetaData><PageContent PCID="99aaba5a9223d3654ca46f2e20e510cf"><MediaObject><MediaAlias OriginId="il_0_mob_4238725"/><MediaAliasItem Purpose="Standard"><Layout HorizontalAlign="Center"/></MediaAliasItem></MediaObject></PageContent><PageContent PCID="51fcc7e344daad8fbc99be37d3ece5f1"><Paragraph Language="de" Characteristic="Standard">Modelica ist eine objektorientierte Modellierungssprache für physikalische Modelle. Sie ist 1997 im Programmiersprachenstandard 1.0 erschienen. Im April 2017 wurde Version 3.4 veröffentlicht. Ein in Modelica mit algebraischen und gewöhnlichen Differenzialgleichungen formuliertes, physikalisches Modell wird von einem Modelica-Translator in ein mathematisches Modell übersetzt und mittels eines Lösungsalgorithmus gelöst.</Paragraph></PageContent><PageContent PCID="65f306a9cf8ba3462c450386e3a184c8"><Paragraph Language="de" Characteristic="Headline3">Vorteile von Modelica</Paragraph></PageContent><PageContent PCID="70429c1cd15e3c5f4b4672106e5d7dd4"><Paragraph Language="de" Characteristic="Standard">Ein wesentlicher Vorteil von Modelica besteht darin, dass Modelica mit Gleichungen, anstatt mit Zuweisungen arbeitet. Es muss nicht nach gesuchten Variablen aufgelöst werden.<br/>Ein weiterer Vorteil besteht darin, dass Variablen mit Eigenschaften (physikalische Größe, Einheit) versehen werden können. Dies erlaubt die Prüfung von Gleichungen durch die Simulationssoftware.</Paragraph></PageContent><PageContent PCID="ddf940c5f5b5c696dc911d244a6a629c"><MediaObject><MediaAlias OriginId="il_0_mob_4238726"/><MediaAliasItem Purpose="Standard"><Layout HorizontalAlign="Center" Width="450" Height="300"/><TextRepresentation/><Parameter Name="v" Value="-mvEUuc-sWE"/></MediaAliasItem></MediaObject></PageContent><PageContent PCID="fc1a3a9761d0131359206fbba41b21d0"><Paragraph Language="de" Characteristic="Headline3">Links</Paragraph></PageContent><PageContent PCID="24a9d891b77a1c8d0abdd8a7e731888f"><Paragraph Language="de" Characteristic="Standard"><SimpleBulletList><SimpleListItem><ExtLink Href="https://book.xogeny.com/">Modelica by Example (by Dr. Michael M. Tiller)</ExtLink></SimpleListItem><SimpleListItem><ExtLink Href="https://omwebbook.openmodelica.org/">DrModelica - Dynamic WebBook (by Peter Fritzson)</ExtLink></SimpleListItem></SimpleBulletList></Paragraph></PageContent></PageObject><PageObject><MetaData><General Structure="Hierarchical"><Identifier Catalog="ILIAS" Entry="il_0_page_120"/><Title Language="de">Hello World</Title><Language Language="de"/><Description Language="de"/><Keyword Language="de"/></General></MetaData><PageContent PCID="f5671eeca1ba7d09e4e3fdb6b26dfd1b"><Paragraph Language="de" Characteristic="Standard">Das erste eigene Programm in einer neuen Programmiersprache ist traditioneller Weise das "Hello World". Dabei wird normalerweise den String "Hello World" auf dem Bildschirm ausgegeben. Da Modelica jedoch eine gleichungsbasierte Programmiersprache ist, macht es keinen Sinn einen String auszugeben. Stattdessen wird unser "Hello World" Programm ein einfaches physikalisches Problem lösen: Ein Pendel</Paragraph></PageContent><PageContent PCID="8a8da22e3dbdc0e3d3bfe9cb32f1869c"><MediaObject><MediaAlias OriginId="il_0_mob_4238777"/><MediaAliasItem Purpose="Standard"><Layout HorizontalAlign="Center" Width="100" Height="205"/></MediaAliasItem></MediaObject></PageContent><PageContent PCID="59bb3973c2fceeb6c703e4836f6803b4"><Paragraph Language="de" Characteristic="Standard">Aus dem Physikunterricht sind die Gleichungen bekannt, welche dieses System beschreiben:</Paragraph></PageContent><PageContent PCID="5efa77b48a82b7e630502988659ddac0"><Paragraph Language="de" Characteristic="Standard">[tex]m\dot{v}_{x}=-\frac{x}{L}F[/tex]<br/><br/>[tex]m\dot{v}_{y}=-\frac{y}{L}F-mg[/tex]<br/><br/>[tex]\dot{x}=v_{x}[/tex]<br/><br/>[tex]\dot{y}=v_{y}[/tex]<br/><br/>[tex]x^2+y^2=L^2[/tex]</Paragraph></PageContent><PageContent PCID="cfba5d1061b0dd219d8d53f76f902972"><Paragraph Language="de" Characteristic="Standard">Die ersten vier Differentialgleichungen zusammen mit der letzten algebraischen Gleichung stellen ein Set an Gleichungen, welche ein Differential-algebraisches Gleichungssystem genannt wird. Mit konventionellem Code, wäre das Lösen eines solchen physikalischen Modells extrem aufwändig. Mit Modelica ist das ganze mit ein paar Zeilen Code gelöst:</Paragraph></PageContent><PageContent PCID="4adac9ea116ac918d9cefdbd52cb0cbe"><Paragraph Language="de" ShowLineNumbers="y" SubCharacteristic="delphi" Characteristic="Code">class Pendulum<br/>	constant Real PI=3.141592653589793;<br/>	parameter Real m=1, g=9.81, L=0.5;<br/>	Real F;<br/>	output Real x(start=0.5),y(start=0);<br/>	output Real vx,vy;<br/>equation<br/>	m*der(vx)=-(x/L)*F;<br/>	m*der(vy)=-(y/L)*F-m*g;<br/>	der(x)=vx;<br/>	der(y)=vy;<br/>	x^2+y^2=L^2;<br/>end Pendulum;</Paragraph></PageContent><PageContent PCID="be60933b38aaf09189f007369dfc232a"><Paragraph Language="de" Characteristic="Standard">Um das oben definierte Modell names "Pendulum" zu simulieren (den physikalischen Versuch virtuell auszuführen) muss noch folgendes Kommando gegeben werden:</Paragraph></PageContent><PageContent PCID="d1c47c924f717b4009f4faa7a5c99ed9"><Paragraph Language="de" SubCharacteristic="delphi" ShowLineNumbers="y" Characteristic="Code">simulate(Pendulum, stopTime=4)</Paragraph></PageContent><PageContent PCID="9d7a3b77be12a7cbc3ab887028321b49"><Paragraph Language="de" Characteristic="Standard">Nun kann das Ergebnis der Simulation betrachtet werden mit:</Paragraph></PageContent><PageContent PCID="8739f27eb14e0142395f123fba200dfa"><Paragraph Language="de" SubCharacteristic="delphi" ShowLineNumbers="y" Characteristic="Code">plot(x)</Paragraph></PageContent><PageContent PCID="37f051cac111dfa837b2fce9c1362bdf"><MediaObject><MediaAlias OriginId="il_0_mob_4238794"/><MediaAliasItem Purpose="Standard"><Layout HorizontalAlign="Center"/></MediaAliasItem></MediaObject></PageContent><PageContent PCID="3cbe3f994c89f9f32b792b5ff55ef91a"><Paragraph Language="de" Characteristic="Standard">Im OMWebBook kannst du selber mal probieren Modelica Code auszuführen. Gehe auf die Webseite <ExtLink Href="https://omwebbook.openmodelica.org/static/DynamicWebbook/index.html">https://omwebbook.openmodelica.org/static/DynamicWebbook/index.html</ExtLink> und erstelle dein eigenes Pendulum Modell. Simuliere es und plotte das Resultat.</Paragraph></PageContent><PageContent PCID="64b035a2109047162038daa6f681168b"><Question QRef="il_0_qst_400177"/></PageContent></PageObject><MediaObject><MetaData><General Structure="Hierarchical"><Identifier Catalog="ILIAS" Entry="il_0_mob_4238725"/><Title Language="de">Modelica Logo</Title><Language Language="de"/><Description Language="de">image/png</Description><Keyword Language="de"/></General></MetaData><MediaItem Purpose="Standard"><Location Type="LocalFile">Modelica_250_0.png</Location><Format>image/png</Format><Layout Width="250" Height="122" HorizontalAlign="Left" /></MediaItem></MediaObject><MediaObject><MetaData><General Structure="Hierarchical"><Identifier Catalog="ILIAS" Entry="il_0_mob_4238726"/><Title Language="de">Modelica: Component Oriented Modeling of Physical Systems</Title><Language Language="de"/><Description Language="de">video/youtube</Description><Keyword Language="de"/></General></MetaData><MediaItem Purpose="Standard"><Location Type="Reference">https://www.youtube.com/watch?v=-mvEUuc-sWE</Location><Format>video/youtube</Format><Layout   HorizontalAlign="Left" /><Parameter Name="v" Value="-mvEUuc-sWE"/></MediaItem></MediaObject><MediaObject><MetaData><General Structure="Hierarchical"><Identifier Catalog="ILIAS" Entry="il_0_mob_4238777"/><Title Language="de">Pendulum</Title><Language Language="de"/><Description Language="de">image/png</Description><Keyword Language="de"/></General></MetaData><MediaItem Purpose="Standard"><Location Type="LocalFile">2-A-planar-pendulum_150_0.png</Location><Format>image/png</Format><Layout Width="150" Height="308" HorizontalAlign="Left" /></MediaItem></MediaObject><MediaObject><MetaData><General Structure="Hierarchical"><Identifier Catalog="ILIAS" Entry="il_0_mob_4238794"/><Title Language="de">Plot Pendulum</Title><Language Language="de"/><Description Language="de">image/jpeg</Description><Keyword Language="de"/></General></MetaData><MediaItem Purpose="Standard"><Location Type="LocalFile">Pendulum_plot_300_0.JPG</Location><Format>image/jpeg</Format><Layout Width="300" Height="219" HorizontalAlign="Left" /></MediaItem></MediaObject></ContentObject>