<?xml version="1.0" encoding="utf-8"?><!--Generated by ILIAS XmlWriter--><questestinterop><item ident="il_0_qst_400177" title="Frage 3.1" maxattempts="3"><qticomment/><duration>P0Y0M0DT0H0M0S</duration><itemmetadata><qtimetadata><qtimetadatafield><fieldlabel>ILIAS_VERSION</fieldlabel><fieldentry>5.3.12 2019-01-04</fieldentry></qtimetadatafield><qtimetadatafield><fieldlabel>QUESTIONTYPE</fieldlabel><fieldentry>SINGLE CHOICE QUESTION</fieldentry></qtimetadatafield><qtimetadatafield><fieldlabel>AUTHOR</fieldlabel><fieldentry>Manuel Häusler</fieldentry></qtimetadatafield><qtimetadatafield><fieldlabel>additional_cont_edit_mode</fieldlabel><fieldentry>default</fieldentry></qtimetadatafield><qtimetadatafield><fieldlabel>externalId</fieldlabel><fieldentry>5c376bdab16053.47530922</fieldentry></qtimetadatafield><qtimetadatafield><fieldlabel>thumb_size</fieldlabel><fieldentry/></qtimetadatafield><qtimetadatafield><fieldlabel>feedback_setting</fieldlabel><fieldentry>2</fieldentry></qtimetadatafield></qtimetadata></itemmetadata><presentation label="Frage 3.1"><flow><material><mattext texttype="text/plain">Konntest du dein Pendulum Modell zum laufen bringen?</mattext></material><response_lid ident="MCSR" rcardinality="Single"><render_choice shuffle="Yes"><response_label ident="0"><material><mattext texttype="text/plain">Ja</mattext></material></response_label><response_label ident="1"><material><mattext texttype="text/plain">Nein</mattext></material></response_label></render_choice></response_lid></flow></presentation><resprocessing><outcomes><decvar></decvar></outcomes><respcondition continue="Yes"><conditionvar><varequal respident="MCSR">0</varequal></conditionvar><setvar action="Add">1</setvar><displayfeedback feedbacktype="Response" linkrefid="response_0"/></respcondition><respcondition continue="Yes"><conditionvar><varequal respident="MCSR">1</varequal></conditionvar><setvar action="Add">0</setvar><displayfeedback feedbacktype="Response" linkrefid="response_1"/></respcondition></resprocessing><itemfeedback ident="response_0" view="All"><flow_mat><material><mattext texttype="text/plain"></mattext></material></flow_mat></itemfeedback><itemfeedback ident="response_1" view="All"><flow_mat><material><mattext texttype="text/plain"></mattext></material></flow_mat></itemfeedback></item></questestinterop>