<?xml version="1.0" encoding="utf-8"?><!DOCTYPE ContentObject SYSTEM "http://www.ilias.de/download/dtd/ilias_co_3_7.dtd"><!--Export of ILIAS Content Module 105 of installation 0.--><ContentObject Type="SCORM2004SCO"><MetaData><General Structure="Hierarchical"><Identifier Catalog="ILIAS" Entry="il_0_sco_105"/><Title Language="de">Regler entwerfen</Title><Language Language="de"/><Description Language="de"></Description><Keyword Language="de"/></General></MetaData><PageObject><MetaData><General Structure="Hierarchical"><Identifier Catalog="ILIAS" Entry="il_0_page_133"/><Title Language="de">Gesamtübertragungsfunktion</Title><Language Language="de"/><Description Language="de"/><Keyword Language="de"/></General></MetaData><PageContent PCID="1c07c9f8be9ffc208c6ce82c09b95e73"><Paragraph Language="de" Characteristic="Standard">Die Übertragungsfunktion eines PID-Reglers lautet</Paragraph></PageContent><PageContent PCID="8f6c47cf3e43d6eed2e620f65a6a1e73"><Paragraph Language="de" Characteristic="Standard">[tex]G_{R}=K_p(1+\frac{1}{K_I \cdot s}+K_D \cdot s)[/tex]</Paragraph></PageContent><PageContent PCID="b864f1ef72a0ab8d5c7337fcbf4a7ce4"><Paragraph Language="de" Characteristic="Standard">[tex]G_S[/tex] haben wir bereits hergeleitet</Paragraph></PageContent><PageContent PCID="e401165fc70bcdf0611b14fa3e39c7eb"><Paragraph Language="de" Characteristic="Standard">[tex]G_S = \frac{2g\overline{h}}{\frac{A_{zyl}}{A_{aus}}\frac{\sqrt{2g\overline{h}}}{\overline{\alpha}_{ventil}} \cdot s + 1}[/tex]</Paragraph></PageContent><PageContent PCID="d21c793afefdf8b1320fdd6353d5c7c3"><Paragraph Language="de" Characteristic="Standard">Bei einem Standard-Regelkreis lässt sich die Gesamtübertragungsfunktion folgendermassen bestimmen</Paragraph></PageContent><PageContent PCID="51f95e867220b657b2b2e4b01866c107"><Paragraph Language="de" Characteristic="Standard">[tex]G_{tot}=\frac{G_R G_S}{1 + G_R G_S}=\frac{4g\overline{h}K_p(K_D \cdot s-\frac{K_I}{s}+1)}{\frac{A_{zyl}}{A_{aus}}\frac{\sqrt{2g\overline{h}}}{\overline{\alpha}{ventil}}\cdot s+1}[/tex]</Paragraph></PageContent><PageContent PCID="90f7467123cd60ed7063f8f5b50bca3a"><MediaObject><MediaAlias OriginId="il_0_mob_4268796"/><MediaAliasItem Purpose="Standard"><Layout HorizontalAlign="Center" Width="450" Height="214"/></MediaAliasItem><MediaAliasItem Purpose="Fullscreen"><Layout/></MediaAliasItem></MediaObject></PageContent></PageObject><PageObject><MetaData><General Structure="Hierarchical"><Identifier Catalog="ILIAS" Entry="il_0_page_132"/><Title Language="de">Regelentwurf</Title><Language Language="de"/><Description Language="de"/><Keyword Language="de"/></General></MetaData><PageContent PCID="cfbc85d52140dd962e2843e7b668c12f"><Paragraph Language="de" Characteristic="Standard">Die Übertragungsfunktion eines PID-Reglers lautet</Paragraph></PageContent><PageContent PCID="9bc192145cf9977d43aeb2f5ad7621cd"><Paragraph Language="de" Characteristic="Standard">[tex]G_{R}=K_p(1+\frac{1}{K_I \cdot s}+K_D \cdot s)[/tex]</Paragraph></PageContent><PageContent PCID="d8476bf3c24eadf5c8c6484b5e72e4d9"><Paragraph Language="de" Characteristic="Standard">Die Gesamtübertragungsfunktion (Übertragungsfunktion des geschlossenen Regelkreises) haben wir auch schon:</Paragraph></PageContent><PageContent PCID="066088e759530566a40cf99dd6933667"><Paragraph Language="de" Characteristic="Standard">[tex]G_{tot}=\frac{G_R G_S}{1 + G_R G_S}=\frac{4g\overline{h}K_p(K_D \cdot s-\frac{K_I}{s}+1)}{\frac{A_{zyl}}{A_{aus}}\frac{\sqrt{2g\overline{h}}}{\overline{\alpha}{ventil}}\cdot s+1}[/tex]</Paragraph></PageContent><PageContent PCID="ad1b979540faf7b2b9180f043695e7a7"><Paragraph Language="de" Characteristic="Standard">Um ein gut geregeltes System zu erhalten, werden folgende Pole und Nullstellen für den<br/>geschlossenen Regelkreis vorgegeben:</Paragraph></PageContent><PageContent PCID="1bed465700c8d725a3586499a9edaa55"><Paragraph Language="de" Characteristic="Standard">Pole:<br/>[tex]p_1=-0.04 + 0.051j[/tex]<br/>[tex]p_2=-0.04 - 0.051j[/tex]<br/><br/>Nullstellen:<br/>[tex]n_1=-0.066 + 0.055j[/tex]<br/>[tex]n_2=-0.066 + 0.055j[/tex]</Paragraph></PageContent><PageContent PCID="bcfb5fcf1062c8b827a6f5a817ba0d3b"><Paragraph Language="de" Characteristic="Standard">Das heisst, dass die Gesamtübertragungsfunktion folgendermassen lauten muss:</Paragraph></PageContent><PageContent PCID="fe2bb7e6950b38c764320a14b02534c4"><Paragraph Language="de" Characteristic="Standard">[tex]G_{tot}=\frac{(s+0.04-0.051j)(s+0.04+0.051j)}{(s+0.066-0.055j)(s+0.066+0.055j)}[/tex]</Paragraph></PageContent><PageContent PCID="d087b62edc7df9f7aecddc36350f08d5"><Paragraph Language="de" Characteristic="Standard">Mithilfe eines Koeffizientenvergleiches können die Parameter [tex]K_P[/tex], [tex]K_I[/tex], [tex]K_D[/tex] des Regler bestummen werden.</Paragraph></PageContent></PageObject><MediaObject><MetaData><General Structure="Hierarchical"><Identifier Catalog="ILIAS" Entry="il_0_mob_4268796"/><Title Language="de">Standardregelkreis</Title><Language Language="de"/><Description Language="de">image/jpeg</Description><Keyword Language="de"/></General></MetaData><MediaItem Purpose="Standard"><Location Type="LocalFile">Stadardregelkreis_500_0.JPG</Location><Format>image/jpeg</Format><Layout Width="500" Height="238" HorizontalAlign="Left" /></MediaItem><MediaItem Purpose="Fullscreen"><Location Type="LocalFile">Stadardregelkreis.JPG</Location><Format>image/jpeg</Format><Layout    /></MediaItem></MediaObject></ContentObject>