<?xml version="1.0" encoding="utf-8"?><!DOCTYPE ContentObject SYSTEM "http://www.ilias.de/download/dtd/ilias_co_3_7.dtd"><!--Export of ILIAS Content Module 128 of installation 0.--><ContentObject Type="SCORM2004SCO"><MetaData><General Structure="Hierarchical"><Identifier Catalog="ILIAS" Entry="il_0_sco_128"/><Title Language="de">Systemtheorie</Title><Language Language="de"/><Description Language="de"></Description><Keyword Language="de"/></General></MetaData><PageObject><MetaData><General Structure="Hierarchical"><Identifier Catalog="ILIAS" Entry="il_0_page_129"/><Title Language="de">System linearisieren</Title><Language Language="de"/><Description Language="de"/><Keyword Language="de"/></General></MetaData><PageContent PCID="38fe392d6c3bcde81241356ccb86c7ca"><Paragraph Language="de" Characteristic="Standard">Die DGL des Systems</Paragraph></PageContent><PageContent PCID="f0944996e75d984448103d5a44142f24"><Paragraph Language="de" Characteristic="Standard">[tex]f(\dot{h},h,\alpha_{ventil})={A_{zyl}} \cdot \dot{h} + \alpha_{ventil} \cdot A_{aus} \cdot \sqrt{2gh} = \dot{V}_{ein}[/tex]</Paragraph></PageContent><PageContent PCID="f5320a88c111ad11197db246c3340d77"><Paragraph Language="de" Characteristic="Standard">Damit wir den Regelentwurf gemäss der Teorie von LRS machen können, müssen wir das System zuerst am Arbeitspunkt linearisieren. Wir wählen folgenden Arbeitspunkt</Paragraph></PageContent><PageContent PCID="47737a32dacc21039eb61d4a269d5b1a"><Paragraph Language="de" Characteristic="Standard">[tex]\dot{V}_{ein} = 0.1 m^3/s[/tex]<br/>[tex]A_{aus} = 0.04 m^2[/tex]<br/>[tex]\overline{\dot{h}} = 0[/tex]<br/>[tex]\overline{h} = 1 m[/tex]<br/>[tex]\overline{\alpha}_{ventil} = \frac{\dot{V}_{ein}}{A_{aus} \cdot \sqrt{2g\overline{h}}} = 0.564[/tex]</Paragraph></PageContent><PageContent PCID="496591e47908769cbf5ec1cd2df46f5d"><Paragraph Language="de" Characteristic="Standard">Die partiellen Ableitung von [tex]f[/tex] lauten</Paragraph></PageContent><PageContent PCID="dfb4ef2b0e8510043345096721321977"><Paragraph Language="de" Characteristic="Standard">[tex]\frac{\partial{f}}{\partial{\dot{h}}} = A_{zyl}[/tex]<br/>[tex]\frac{\partial{f}}{\partial{h}} = \frac{\overline{\alpha}_{ventil} A_{aus} g}{\sqrt{2g\overline{h}}}[/tex]<br/>[tex]\frac{\partial{f}}{\partial{\alpha_{ventil}}} = A_{aus} \sqrt{2g\overline{h}}[/tex]</Paragraph></PageContent><PageContent PCID="9fb0daf297003c0328baeb2df6df408d"><Paragraph Language="de" Characteristic="Standard">Die linearisierte Funktion [tex]f[/tex] nach dem Ansatz der Taylorreihe unter Berücksichtigung des gewählten Arbeitspunktes ist folglich</Paragraph></PageContent><PageContent PCID="84a1963c58822b53c6ba728192302eb9"><Paragraph Language="de" Characteristic="Standard">[tex]f(\dot{h},h,\alpha_{ventil})={A_{zyl}} \cdot \Delta \dot{h} + \frac{\overline{\alpha}_{ventil} \cdot A_{aus}}{\sqrt{2g\overline{h}}} \Delta{h} + A_{aus}\sqrt{2g\overline{h}}\cdot\Delta{\alpha_{ventil}} = 0[/tex]</Paragraph></PageContent></PageObject><PageObject><MetaData><General Structure="Hierarchical"><Identifier Catalog="ILIAS" Entry="il_0_page_130"/><Title Language="de">Übertragungsfunktion</Title><Language Language="de"/><Description Language="de"/><Keyword Language="de"/></General></MetaData><PageContent PCID="44d2e41dff7ce2dad379638e8fae6e30"><Paragraph Language="de" Characteristic="Standard">[tex]f(\dot{h},h,\alpha_{ventil})={A_{zyl}} \cdot \Delta \dot{h}(t) + \frac{\overline{\alpha}_{ventil} \cdot A_{aus}}{\sqrt{2g\overline{h}}} \Delta{h}(t) + A_{aus}\sqrt{2g\overline{h}}\cdot\Delta{\alpha_{ventil}}(t) = 0[/tex]</Paragraph></PageContent><PageContent PCID="cb3e58fbec90405e1e68f88ffa3c60ca"><Paragraph Language="de" Characteristic="Standard">Nachdem wir die Gleichung für das linearisierte System gefunden haben, können wir mit Anwendung der Laplace-Transformation die Übertragungsfunktion des Systemes ermitteln. Dazu wird als erstes die Gleichung Transformiert</Paragraph></PageContent><PageContent PCID="3dbc7a4542506e41aff03176a78be47d"><Paragraph Language="de" Characteristic="Standard">[tex]\mathscr{L}(\Delta h(t)) = Y(s)[/tex]<br/>[tex]\mathscr{L}(\Delta \alpha_{ventil}(t)) = U(s)[/tex]</Paragraph></PageContent><PageContent PCID="8f588f4552b3c00b1cddd371cf2c735c"><Paragraph Language="de" Characteristic="Standard">[tex]A_{zyl} \cdot s \cdot Y(s) +\frac{\overline{\alpha}_{ventil} \cdot A_{aus}}{\sqrt{2g\overline{h}}} \cdot Y(s) + A_{aus}\sqrt{2g\overline{h}}\cdot U(s) = 0[/tex]</Paragraph></PageContent><PageContent PCID="a82ccc75c6f19b5e93b7e2b9a4d525aa"><Paragraph Language="de" Characteristic="Standard">nach etwas Umformung ist die Lösung bereits schon ersichtlich</Paragraph></PageContent><PageContent PCID="8ec4aee7bbc25f12adddde7be2b5cb50"><Paragraph Language="de" Characteristic="Standard">[tex]Y(s) \bigg(A_{zyl} \cdot s +\frac{\overline{\alpha}_{ventil} \cdot A_{aus}}{\sqrt{2g\overline{h}}} \bigg) = - U(s) \cdot A_{aus}\sqrt{2g\overline{h}}[/tex]</Paragraph></PageContent><PageContent PCID="e3f866143226d6e52603426fba2d56a7"><Paragraph Language="de" Characteristic="Standard">Nun kann die Übertragungsfunktion aufgeschrieben werden</Paragraph></PageContent><PageContent PCID="42853f8b42a0c8f76501e95c8e46fe95"><Paragraph Language="de" Characteristic="Standard">[tex]G(s) = \frac{Y(s)}{U(s)} = - \frac{A_{aus}\sqrt{2g\overline{h}}}{A_{zyl} \cdot s +\frac{\overline{\alpha}_{ventil} \cdot A_{aus}}{\sqrt{2g\overline{h}}}} = \frac{2g\overline{h}}{\frac{A_{zyl}}{A_{aus}}\frac{\sqrt{2g\overline{h}}}{\overline{\alpha}_{ventil}} \cdot s + 1} = \frac{K_p}{T_1s+1}[/tex]</Paragraph></PageContent></PageObject></ContentObject>