<?xml version="1.0" encoding="utf-8"?><!DOCTYPE ContentObject SYSTEM "http://www.ilias.de/download/dtd/ilias_co_3_7.dtd"><!--Export of ILIAS Content Module 102 of installation 0.--><ContentObject Type="SCORM2004SCO"><MetaData><General Structure="Hierarchical"><Identifier Catalog="ILIAS" Entry="il_0_sco_102"/><Title Language="de">Formel für den Füllstand</Title><Language Language="de"/><Description Language="de"></Description><Keyword Language="de"/></General></MetaData><PageObject><MetaData><General Structure="Hierarchical"><Identifier Catalog="ILIAS" Entry="il_0_page_108"/><Title Language="de">Eine Differentialgleichung</Title><Language Language="de"/><Description Language="de"/><Keyword Language="de"/></General></MetaData><PageContent PCID="a1b8111b7cd7eea159869df463b33a03"><Paragraph Language="de" Characteristic="Standard">Ausgangslage für die weiteren Überlegungen ist die Ausflussformel nach Torricelli aus dem vorherigen Kapitel.</Paragraph></PageContent><PageContent PCID="206b52df51e08b7e01df11e3b72fc17c"><Paragraph Language="de" Characteristic="Standard">[tex]v_{aus}= \sqrt{2gh}[/tex]</Paragraph></PageContent><PageContent PCID="a841b0d4c5f461b1de245ae57cfdd7d9"><Paragraph Language="de" Characteristic="Standard">Nach der Kontinuitätsgleichung der Strömungsdynamik von inkompressiblen Fluiden ist der Volumenstrom [tex]\dot V[/tex]  konstant. Demnach gilt die folgende Formel:</Paragraph></PageContent><PageContent PCID="be776ad254d8259b6c96c2bd97c4fe5b"><Paragraph Language="de" Characteristic="Standard">[tex]\dot V = v_{zyl}A_{zyl} = v_{aus}A_{aus} \to \frac {v_{zyl}}{v_{aus}} = \frac {A_{aus}}{A_{zyl}} = const.[/tex]</Paragraph></PageContent><PageContent PCID="28eed403a7832f9f0393aaa34d0e0035"><Paragraph Language="de" Characteristic="Standard">Wobei [tex]v_{zyl}[/tex] die Sinkgeschwindigkeit (also die negative Geschwindigkeit) des Wasserpegels [tex]h[/tex] ist. Demnach lässt sich die Formel  umformulieren zu:</Paragraph></PageContent><PageContent PCID="7c240292158112b04a0c1462a9d8b2fe"><Paragraph Language="de" Characteristic="Standard">[tex]v_{zyl} = \frac {A_{aus}}{A_{zyl}} \sqrt{2gh}[/tex]</Paragraph></PageContent><PageContent PCID="55d0788e2d0c874e5acf81fecd9930e2"><Paragraph Language="de" Characteristic="Standard">Da nun [tex]v_{zyl}[/tex] also die negative Geschwindigkeit der Füllhöhe ist, lässt sich dies mit der ersten Ableitung nach der Zeit darstellen. Dadurch erhalten wir eine nichtlineare Differentialgleichung 1. Ordnung, welche nun die Füllhöhe des Behälters über die Zeit beschreibt. Die Differentialgleichung lässt sich wie folgt angeben:</Paragraph></PageContent><PageContent PCID="55150b522f5979ab4f24d6ab23f73fae"><Paragraph Language="de" Characteristic="Standard">[tex]\frac {\mathrm{d}h}{\mathrm{d}t} = c \sqrt{h}[/tex] mit [tex]c = - \frac{A_{aus}}{A_{zyl}}\sqrt{2g}[/tex]</Paragraph></PageContent></PageObject><PageObject><MetaData><General Structure="Hierarchical"><Identifier Catalog="ILIAS" Entry="il_0_page_109"/><Title Language="de">Lösung des Anfangswertproblems</Title><Language Language="de"/><Description Language="de"/><Keyword Language="de"/></General></MetaData><PageContent PCID="28eb40f324a0e19d7537044c675ab9e3"><Paragraph Language="de" Characteristic="Standard">[tex]\frac {\mathrm{d}h}{\mathrm{d}t} = c \sqrt{h}[/tex]</Paragraph></PageContent><PageContent PCID="d7a48d0da3520f1b81adee6b3dda6f8e"><Paragraph Language="de" Characteristic="Standard">Dies ist eine separierbare Differentialgleichung, weshalb sich eine geschlossene Lösung angeben lässt:</Paragraph></PageContent><PageContent PCID="9708828da2137466e7e21bbeb4d9babf"><Paragraph Language="de" Characteristic="Standard">[tex]\int {\frac{dh}{\sqrt{h}} = c \int {dt} + C_1}[/tex] [tex]\to[/tex] [tex]h(t) = \frac{1}{4}(ct+C_1)^2[/tex]</Paragraph></PageContent><PageContent PCID="15c93e87ae8a547503bb9122e5f9955e"><Paragraph Language="de" Characteristic="Standard">Hierbei ist [tex]C_1[/tex]  in erster Linie eine beliebige Konstante, welche jedoch durch das Lösen des Anfangswertproblems bestimmt werden kann. Sprich zu Zeitpunkt [tex]t = 0s[/tex] hat der Behälter eine Füllhöhe von  [tex]h( 0 ) = h_0[/tex]. Durch einsetzen dieser Anfangswerte in die Lösungsfunktion erhält man als Endergebnis:</Paragraph></PageContent><PageContent PCID="9f6ff8d59b865d99bc24fbe8b8373189"><Paragraph Language="de" Characteristic="Standard">[tex]h(t) = (\sqrt{h_0} - \frac{A_{aus}}{A_{zyl}} \cdot \frac{1}{2} \cdot t \cdot \sqrt{2g})^2[/tex]</Paragraph></PageContent><PageContent PCID="36adf87f95d95fcc5154261d8b9f62be"><Paragraph Language="de" Characteristic="Standard">Graphisch betrachtet ist dies eine nach oben geöffnete Parabel, deren Minimum auf der Abszisse liegt und somit eine doppelte Nullstelle ist. Deshalb können wir nun mittels Nullsetzen der erhaltenen Funktion den Zeitpunkt ermitteln zu dem der Behälter leer ist. Wir erhalten:</Paragraph></PageContent><PageContent PCID="49d2e2ff8bb744d21b7d52abcc16a4ed"><Paragraph Language="de" Characteristic="Standard">[tex]t_{leer} = \frac{A_{zyl}}{A_{aus}} \cdot \sqrt{\frac{2h_0}{g}}[/tex]</Paragraph></PageContent><PageContent PCID="889bcb57666e50c1d9fe69ad2847e464"><MediaObject><MediaAlias OriginId="il_0_mob_4237618"/><MediaAliasItem Purpose="Standard"><Layout HorizontalAlign="Center"/></MediaAliasItem><MediaAliasItem Purpose="Fullscreen"><Layout/></MediaAliasItem></MediaObject></PageContent></PageObject><MediaObject><MetaData><General Structure="Hierarchical"><Identifier Catalog="ILIAS" Entry="il_0_mob_4237618"/><Title Language="de">Füllstand-Kurve</Title><Language Language="de"/><Description Language="de">image/png</Description><Keyword Language="de"/></General></MetaData><MediaItem Purpose="Standard"><Location Type="LocalFile">Toricelli_Dynamisch_350_0.png</Location><Format>image/png</Format><Layout Width="350" Height="166" HorizontalAlign="Left" /></MediaItem><MediaItem Purpose="Fullscreen"><Location Type="LocalFile">Toricelli_Dynamisch.png</Location><Format>image/png</Format><Layout    /></MediaItem></MediaObject></ContentObject>