<?xml version="1.0" encoding="utf-8"?><!DOCTYPE ContentObject SYSTEM "http://www.ilias.de/download/dtd/ilias_co_3_7.dtd"><!--Export of ILIAS Content Module 100 of installation 0.--><ContentObject Type="SCORM2004SCO"><MetaData><General Structure="Hierarchical"><Identifier Catalog="ILIAS" Entry="il_0_sco_100"/><Title Language="de">Füllstand eines offenen Wassertanks</Title><Language Language="de"/><Description Language="de"></Description><Keyword Language="de"/></General><Lifecycle Status="Draft"><Version Language="en"/><Contribute Role="Author"><Entity/><Date/></Contribute></Lifecycle></MetaData><PageObject><MetaData><General Structure="Hierarchical"><Identifier Catalog="ILIAS" Entry="il_0_page_106"/><Title Language="de">offener zylindrischer Wassetank</Title><Language Language="de"/><Description Language="de"/><Keyword Language="de"/></General></MetaData><PageContent PCID="2291019bd1ee7a6011b2d72fac075bc8"><MediaObject><MediaAlias OriginId="il_0_mob_4237590"/><MediaAliasItem Purpose="Standard"><Layout HorizontalAlign="Center"/></MediaAliasItem></MediaObject></PageContent><PageContent PCID="530f01a674548e55044ef11680287dd3"><Paragraph Language="de" Characteristic="Standard">Die Problemstellung befasst sich mit einem offenen zylindrischen Wassertank. Dieser wird bis zu einem bestimmten Level mit Wasser gefüllt. Zuunterst am Tank hat es einen Ausfluss mit einem Kugelventil. Sobald man das Ventil öffnet, wird das Wasser durch den Ausfluss abfliessen. Dadurch nimmt der Füllstand im Tank ab, was wiederum die Ausflussrate beeinflusst.<br/>Der Füllstand des Wassertanks wird sich also mit dem ausfliessenden Wasser verändern. Die Rate mit welcher das Wasser ausfliesst, wird wiederum vom Füllstand beeinflusst...</Paragraph></PageContent></PageObject><MediaObject><MetaData><General Structure="Hierarchical"><Identifier Catalog="ILIAS" Entry="il_0_mob_4237590"/><Title Language="de">Tank3D</Title><Language Language="de"/><Description Language="de">image/png</Description><Keyword Language="de"/></General></MetaData><MediaItem Purpose="Standard"><Location Type="LocalFile">TorricellisLaw_250_0.png</Location><Format>image/png</Format><Layout Width="250" Height="238" HorizontalAlign="Left" /></MediaItem></MediaObject></ContentObject>