<?xml version="1.0" encoding="utf-8"?><!DOCTYPE ContentObject SYSTEM "http://www.ilias.de/download/dtd/ilias_co_3_7.dtd"><!--Export of ILIAS Content Module 111 of installation 0.--><ContentObject Type="SCORM2004SCO"><MetaData><General Structure="Hierarchical"><Identifier Catalog="ILIAS" Entry="il_0_sco_111"/><Title Language="de">Teste dein Wissen</Title><Language Language="de"/><Description Language="de"></Description><Keyword Language="de"/></General><Lifecycle Status="Draft"><Version Language="en"/><Contribute Role="Author"><Entity/><Date/></Contribute></Lifecycle></MetaData><PageObject><MetaData><General Structure="Hierarchical"><Identifier Catalog="ILIAS" Entry="il_0_page_112"/><Title Language="de">Frage 1.1</Title><Language Language="de"/><Description Language="de"/><Keyword Language="de"/></General></MetaData><PageContent PCID="c14e5dc782575dba57f2601a94d9f5de"><Question QRef="il_0_qst_400150"/></PageContent></PageObject><PageObject><MetaData><General Structure="Hierarchical"><Identifier Catalog="ILIAS" Entry="il_0_page_113"/><Title Language="de">Frage 1.2</Title><Language Language="de"/><Description Language="de"/><Keyword Language="de"/></General></MetaData><PageContent PCID="f6397203e79e5b00fee080d2375f9526"><Paragraph Language="de" Characteristic="Standard">Skizziere das Tanksystem, definiere sinnvolle Randbedingungen und setze dann die Bernoulli-Gleichung an. Überlege dir, welche Terme sich wegkürzen bzw. vernachlässigt werden können. Beachte dazu folgende Annahmen: auf der Wasseroberfläche und direkt am Austritt herrschen Atmosphärendruck. Die Wasseroberfläche ist viel grösser als die Austrittsfläche.</Paragraph></PageContent><PageContent PCID="df2959ea811e706319aa10fcab50c22d"><Question QRef="il_0_qst_400151"/></PageContent></PageObject><PageObject><MetaData><General Structure="Hierarchical"><Identifier Catalog="ILIAS" Entry="il_0_page_114"/><Title Language="de">Frage 1.3</Title><Language Language="de"/><Description Language="de"/><Keyword Language="de"/></General></MetaData><PageContent PCID="4c157f8bb2b75e3c7d4a0c996ff3d58a"><Paragraph Language="de" Characteristic="Standard">Jetzt kommt der Taschenrechner zum einsatz.</Paragraph></PageContent><PageContent PCID="efb00df45a7710423af163ed53b8be49"><Question QRef="il_0_qst_400155"/></PageContent></PageObject></ContentObject>