<?xml version="1.0" encoding="utf-8"?><!--Generated by ILIAS XmlWriter--><questestinterop><item ident="il_0_qst_400155" title="Frage 1.3" maxattempts="3"><qticomment/><duration>P0Y0M0DT0H0M0S</duration><itemmetadata><qtimetadata><qtimetadatafield><fieldlabel>ILIAS_VERSION</fieldlabel><fieldentry>5.3.12 2019-01-04</fieldentry></qtimetadatafield><qtimetadatafield><fieldlabel>QUESTIONTYPE</fieldlabel><fieldentry>CLOZE QUESTION</fieldentry></qtimetadatafield><qtimetadatafield><fieldlabel>AUTHOR</fieldlabel><fieldentry>Manuel Häusler</fieldentry></qtimetadatafield><qtimetadatafield><fieldlabel>additional_cont_edit_mode</fieldlabel><fieldentry>default</fieldentry></qtimetadatafield><qtimetadatafield><fieldlabel>externalId</fieldlabel><fieldentry>5c362245cdb030.16455575</fieldentry></qtimetadatafield><qtimetadatafield><fieldlabel>textgaprating</fieldlabel><fieldentry>ci</fieldentry></qtimetadatafield><qtimetadatafield><fieldlabel>fixedTextLength</fieldlabel><fieldentry/></qtimetadatafield><qtimetadatafield><fieldlabel>identicalScoring</fieldlabel><fieldentry>0</fieldentry></qtimetadatafield><qtimetadatafield><fieldlabel>combinations</fieldlabel><fieldentry>W10=</fieldentry></qtimetadatafield></qtimetadata></itemmetadata><presentation label="Frage 1.3"><flow><material><mattext texttype="text/plain">Berechne die Austrittsgeschwindigkeit für eine Füllhöhe (h) von 1 bzw. 0.5 m</mattext></material><material><mattext texttype="text/plain">v(h=1m) = </mattext></material><response_num ident="gap_0" numtype="Decimal" rcardinality="Single"><render_fib fibtype="Decimal" prompt="Box" columns="5" maxchars="0" minnumber="4.4" maxnumber="4.45"></render_fib></response_num><material><mattext texttype="text/plain"> m/s&#10;&#10;v(h=0.5m) = </mattext></material><response_num ident="gap_1" numtype="Decimal" rcardinality="Single"><render_fib fibtype="Decimal" prompt="Box" columns="5" maxchars="0" minnumber="3.11" maxnumber="3.15"></render_fib></response_num><material><mattext texttype="text/plain"> m/s</mattext></material></flow></presentation><resprocessing><outcomes><decvar></decvar></outcomes><respcondition continue="Yes"><conditionvar><varequal respident="gap_0">4.429</varequal></conditionvar><setvar action="Add">1</setvar><displayfeedback feedbacktype="Response" linkrefid="0_Response_0"/></respcondition><respcondition continue="Yes"><conditionvar><varequal respident="gap_1">3.132</varequal></conditionvar><setvar action="Add">1</setvar><displayfeedback feedbacktype="Response" linkrefid="1_Response_0"/></respcondition></resprocessing><itemfeedback ident="0" view="All"><flow_mat><material><mattext texttype="text/plain"></mattext></material></flow_mat></itemfeedback><itemfeedback ident="1" view="All"><flow_mat><material><mattext texttype="text/plain"></mattext></material></flow_mat></itemfeedback></item></questestinterop>