<?xml version="1.0" encoding="utf-8"?><!DOCTYPE ContentObject SYSTEM "http://www.ilias.de/download/dtd/ilias_co_3_7.dtd"><!--Export of ILIAS Content Module 135 of installation 0.--><ContentObject Type="SCORM2004SCO"><MetaData><General Structure="Hierarchical"><Identifier Catalog="ILIAS" Entry="il_0_sco_135"/><Title Language="de">Ergebnis</Title><Language Language="de"/><Description Language="de"></Description><Keyword Language="de"/></General></MetaData><PageObject><MetaData><General Structure="Hierarchical"><Identifier Catalog="ILIAS" Entry="il_0_page_136"/><Title Language="de">Ergebnis</Title><Language Language="de"/><Description Language="de"/><Keyword Language="de"/></General></MetaData><PageContent PCID="8741d4be3fe9cafb6fcdf914f31e6c17"><Paragraph Language="de" Characteristic="Standard">Wenn wir nun unser Modell mit den gefundenen optimalen Regelparametern bestücken, sehen wir, dass das System optimal auf Störungen (Einflussmenge) reagiert und sich immer auf den gewünschten Setpoint regelt</Paragraph></PageContent><PageContent PCID="e05fb53ede1499269e2a946fe6245462"><Paragraph Language="de" Characteristic="Standard">FlatTank Modelica Modell (Transient)</Paragraph></PageContent><PageContent PCID="e72dc6b6fe657f3afef349acc14fcd79"><Paragraph Language="de" Characteristic="Standard">Schaffst du es für das nicht linearisierte System noch bessere Regelparameter zu finden, als in unserem Regelentwurf berechnet?</Paragraph></PageContent></PageObject></ContentObject>