<?xml version="1.0" encoding="utf-8"?><!DOCTYPE ContentObject SYSTEM "http://www.ilias.de/download/dtd/ilias_co_3_7.dtd"><!--Export of ILIAS Content Module 110 of installation 0.--><ContentObject Type="SCORM2004SCO"><MetaData><General Structure="Hierarchical"><Identifier Catalog="ILIAS" Entry="il_0_sco_110"/><Title Language="de">Tankmodell</Title><Language Language="de"/><Description Language="de"></Description><Keyword Language="de"/></General></MetaData><PageObject><MetaData><General Structure="Hierarchical"><Identifier Catalog="ILIAS" Entry="il_0_page_115"/><Title Language="de">Fragen</Title><Language Language="de"/><Description Language="de"/><Keyword Language="de"/></General></MetaData><PageContent PCID="b3d2049c708cd04b418749ac0efffb8f"><Paragraph Language="de" Characteristic="Standard">Hier kommt das Javascript</Paragraph></PageContent><PageContent PCID="b221d722a364ace512148557d4438988"><Paragraph Language="de" Characteristic="Standard">Oben ist ein Modell eines unendlich hohen offenen zylindrischen Wassertanks implementiert. Die Abmessungen des Tankes:<br/>[tex]A_{zyl} = 1 m^2[/tex]<br/>Über das Eingabefeld kann der Füllstand zum Startzeitpunkt [tex]h_0 = h(t = 0 s)[/tex] und die Austrittsfläche [tex]A_{aus}[/tex] variiert werden. Mit der zuvor hergeleiteten Gleichung für den Füllstand abhängig der Zeit, wird rechts ein Plot erstellt mit der Füllstandkurve, aus welchem die Ergebnisse herausgelesen werden können.</Paragraph></PageContent><PageContent PCID="7cb1702915991e924eac368d0dda8f8b"><Paragraph Language="de" Characteristic="Standard">[tex]h(t) = (\sqrt{h_0} - \frac{A_{aus}}{A_{zyl}} \cdot \frac{1}{2} \cdot t \cdot \sqrt{2g})^2[/tex]</Paragraph></PageContent><PageContent PCID="05040bc5de8c0a06c030bf1d878ff78e"><Question QRef="il_0_qst_400175"/></PageContent><PageContent PCID="5835f0f83d1c9c285aafc08f2b5691cd"><Question QRef="il_0_qst_400176"/></PageContent></PageObject></ContentObject>