<?xml version="1.0" encoding="utf-8"?><!--Generated by ILIAS XmlWriter--><questestinterop><item ident="il_0_qst_400176" title="Frage 2.2" maxattempts="3"><qticomment/><duration>P0Y0M0DT0H0M0S</duration><itemmetadata><qtimetadata><qtimetadatafield><fieldlabel>ILIAS_VERSION</fieldlabel><fieldentry>5.3.12 2019-01-04</fieldentry></qtimetadatafield><qtimetadatafield><fieldlabel>QUESTIONTYPE</fieldlabel><fieldentry>CLOZE QUESTION</fieldentry></qtimetadatafield><qtimetadatafield><fieldlabel>AUTHOR</fieldlabel><fieldentry>Manuel Häusler</fieldentry></qtimetadatafield><qtimetadatafield><fieldlabel>additional_cont_edit_mode</fieldlabel><fieldentry>default</fieldentry></qtimetadatafield><qtimetadatafield><fieldlabel>externalId</fieldlabel><fieldentry>5c36f38e7b4701.47047590</fieldentry></qtimetadatafield><qtimetadatafield><fieldlabel>textgaprating</fieldlabel><fieldentry>ci</fieldentry></qtimetadatafield><qtimetadatafield><fieldlabel>fixedTextLength</fieldlabel><fieldentry/></qtimetadatafield><qtimetadatafield><fieldlabel>identicalScoring</fieldlabel><fieldentry>0</fieldentry></qtimetadatafield><qtimetadatafield><fieldlabel>combinations</fieldlabel><fieldentry>W10=</fieldentry></qtimetadatafield></qtimetadata></itemmetadata><presentation label="Frage 2.2"><flow><material><mattext texttype="text/plain">Berechne die benötigte Zeit, um den Tank vollständig zu entleeren. Wie verändert sich die Zeit, wenn die Austrittsfläche verdoppelt wird?</mattext></material><material><mattext texttype="text/plain">Mit [tex]h_0 = 1 m[/tex]:&#10;[tex]t_{leer}(A_{aus}=0.04)[/tex] = </mattext></material><response_num ident="gap_0" numtype="Decimal" rcardinality="Single"><render_fib fibtype="Decimal" prompt="Box" columns="5" maxchars="0" minnumber="11.1" maxnumber="11.5"></render_fib></response_num><material><mattext texttype="text/plain"> [tex]s[/tex]&#10;[tex]t_{leer}(A_{aus}=0.08)[/tex] = </mattext></material><response_num ident="gap_1" numtype="Decimal" rcardinality="Single"><render_fib fibtype="Decimal" prompt="Box" columns="4" maxchars="0" minnumber="5.4" maxnumber="5.8"></render_fib></response_num><material><mattext texttype="text/plain"> [tex]s[/tex]&#10;&#10;Mit [tex]h_0 = 1.5 m[/tex]:&#10;[tex]t_{leer}(A_{aus}=0.04)[/tex] = </mattext></material><response_num ident="gap_2" numtype="Decimal" rcardinality="Single"><render_fib fibtype="Decimal" prompt="Box" columns="5" maxchars="0" minnumber="13.6" maxnumber="14"></render_fib></response_num><material><mattext texttype="text/plain"> [tex]s[/tex]&#10;[tex]t_{leer}(A_{aus}=0.08)[/tex] = </mattext></material><response_num ident="gap_3" numtype="Decimal" rcardinality="Single"><render_fib fibtype="Decimal" prompt="Box" columns="4" maxchars="0" minnumber="6.7" maxnumber="7.1"></render_fib></response_num><material><mattext texttype="text/plain"> [tex]s[/tex]</mattext></material></flow></presentation><resprocessing><outcomes><decvar></decvar></outcomes><respcondition continue="Yes"><conditionvar><varequal respident="gap_0">11.29</varequal></conditionvar><setvar action="Add">1</setvar><displayfeedback feedbacktype="Response" linkrefid="0_Response_0"/></respcondition><respcondition continue="Yes"><conditionvar><varequal respident="gap_1">5.64</varequal></conditionvar><setvar action="Add">1</setvar><displayfeedback feedbacktype="Response" linkrefid="1_Response_0"/></respcondition><respcondition continue="Yes"><conditionvar><varequal respident="gap_2">13.83</varequal></conditionvar><setvar action="Add">1</setvar><displayfeedback feedbacktype="Response" linkrefid="2_Response_0"/></respcondition><respcondition continue="Yes"><conditionvar><varequal respident="gap_3">6.91</varequal></conditionvar><setvar action="Add">1</setvar><displayfeedback feedbacktype="Response" linkrefid="3_Response_0"/></respcondition></resprocessing><itemfeedback ident="0" view="All"><flow_mat><material><mattext texttype="text/plain"></mattext></material></flow_mat></itemfeedback><itemfeedback ident="1" view="All"><flow_mat><material><mattext texttype="text/plain"></mattext></material></flow_mat></itemfeedback><itemfeedback ident="2" view="All"><flow_mat><material><mattext texttype="text/plain"></mattext></material></flow_mat></itemfeedback><itemfeedback ident="3" view="All"><flow_mat><material><mattext texttype="text/plain"></mattext></material></flow_mat></itemfeedback></item></questestinterop>