<?xml version="1.0" encoding="utf-8"?><!--Generated by ILIAS XmlWriter--><questestinterop><item ident="il_0_qst_400175" title="Frage 2.1" maxattempts="3"><qticomment/><duration>P0Y0M0DT0H0M0S</duration><itemmetadata><qtimetadata><qtimetadatafield><fieldlabel>ILIAS_VERSION</fieldlabel><fieldentry>5.3.12 2019-01-04</fieldentry></qtimetadatafield><qtimetadatafield><fieldlabel>QUESTIONTYPE</fieldlabel><fieldentry>KPRIM CHOICE QUESTION</fieldentry></qtimetadatafield><qtimetadatafield><fieldlabel>AUTHOR</fieldlabel><fieldentry>Manuel Häusler</fieldentry></qtimetadatafield><qtimetadatafield><fieldlabel>additional_cont_edit_mode</fieldlabel><fieldentry>default</fieldentry></qtimetadatafield><qtimetadatafield><fieldlabel>externalId</fieldlabel><fieldentry>5c374abb52a367.20014248</fieldentry></qtimetadatafield><qtimetadatafield><fieldlabel>answer_type</fieldlabel><fieldentry>multiLine</fieldentry></qtimetadatafield><qtimetadatafield><fieldlabel>thumb_size</fieldlabel><fieldentry>150</fieldentry></qtimetadatafield><qtimetadatafield><fieldlabel>option_label_setting</fieldlabel><fieldentry>applicable_or_not</fieldentry></qtimetadatafield><qtimetadatafield><fieldlabel>custom_true_option_label</fieldlabel><fieldentry/></qtimetadatafield><qtimetadatafield><fieldlabel>custom_false_option_label</fieldlabel><fieldentry/></qtimetadatafield><qtimetadatafield><fieldlabel>feedback_setting</fieldlabel><fieldentry>1</fieldentry></qtimetadatafield></qtimetadata></itemmetadata><presentation label="Frage 2.1"><flow><material><mattext texttype="text/plain">Welche Aussagen sind richtig?</mattext></material><response_lid ident="MCMR" rcardinality="Multiple"><render_choice shuffle="No"><response_label ident="0"><material><mattext texttype="text/plain">Der Füllstand nimmt exponentiell ab.</mattext></material></response_label><response_label ident="1"><material><mattext texttype="text/plain">Die Füllstandkurve ist abhängig vom Auslassquerschnitt. </mattext></material></response_label><response_label ident="2"><material><mattext texttype="text/plain">Die Zeit bis der Tank leer ist, ist proportional zum Auslassquerschnitt.</mattext></material></response_label><response_label ident="3"><material><mattext texttype="text/plain">Aus der Follstandkurve kann man ablesen, dass der Füllstand nach einer gewissen Zeit wieder zunimmt.</mattext></material></response_label></render_choice></response_lid></flow></presentation><resprocessing><outcomes><decvar varname="SCORE" vartype="Decimal" defaultval="0" minvalue="2" maxvalue="4"/></outcomes><respcondition continue="Yes"><conditionvar><varequal respident="0">0</varequal></conditionvar><displayfeedback feedbacktype="Response" linkrefid="response_0"/></respcondition><respcondition continue="Yes"><conditionvar><varequal respident="1">1</varequal></conditionvar><displayfeedback feedbacktype="Response" linkrefid="response_1"/></respcondition><respcondition continue="Yes"><conditionvar><varequal respident="2">0</varequal></conditionvar><displayfeedback feedbacktype="Response" linkrefid="response_2"/></respcondition><respcondition continue="Yes"><conditionvar><varequal respident="3">0</varequal></conditionvar><displayfeedback feedbacktype="Response" linkrefid="response_3"/></respcondition><respcondition continue="Yes"><conditionvar><and><varequal respident="0">0</varequal><varequal respident="1">1</varequal><varequal respident="2">0</varequal><varequal respident="3">0</varequal></and></conditionvar><setvar action="Add">4</setvar></respcondition><respcondition continue="Yes"><conditionvar><or><not><varequal respident="0">0</varequal></not><not><varequal respident="1">1</varequal></not><not><varequal respident="2">0</varequal></not><not><varequal respident="3">0</varequal></not></or></conditionvar><setvar action="Add">0</setvar></respcondition></resprocessing><itemfeedback ident="response_0" view="All"><flow_mat><material><mattext texttype="text/plain"></mattext></material></flow_mat></itemfeedback><itemfeedback ident="response_1" view="All"><flow_mat><material><mattext texttype="text/plain"></mattext></material></flow_mat></itemfeedback><itemfeedback ident="response_2" view="All"><flow_mat><material><mattext texttype="text/plain"></mattext></material></flow_mat></itemfeedback><itemfeedback ident="response_3" view="All"><flow_mat><material><mattext texttype="text/plain"></mattext></material></flow_mat></itemfeedback></item></questestinterop>