<?xml version="1.0" encoding="utf-8"?><!DOCTYPE ContentObject SYSTEM "http://www.ilias.de/download/dtd/ilias_co_3_7.dtd"><!--Export of ILIAS Content Module 101 of installation 0.--><ContentObject Type="SCORM2004SCO"><MetaData><General Structure="Hierarchical"><Identifier Catalog="ILIAS" Entry="il_0_sco_101"/><Title Language="de">Ausflussgesetzes von Torricelli</Title><Language Language="de"/><Description Language="de"></Description><Keyword Language="de"/></General></MetaData><PageObject><MetaData><General Structure="Hierarchical"><Identifier Catalog="ILIAS" Entry="il_0_page_107"/><Title Language="de">Herleitung der Ausströmgleichung nach Torricelli</Title><Language Language="de"/><Description Language="de"></Description><Keyword Language="de"></Keyword></General></MetaData><PageContent PCID="1b019e4c8afb9ac4a9fb04ac3930ac2b"><MediaObject><MediaAlias OriginId="il_0_mob_4237298"/><MediaAliasItem Purpose="Standard"><Layout HorizontalAlign="Center"/></MediaAliasItem></MediaObject></PageContent><PageContent PCID="b334d86dda2ff3c4ab39c77549bbfbf0"><Paragraph Language="de" Characteristic="Standard">Auf Basis eines verlustfreien Ausflusses aus einem Behälter lässt sich die Ausströmgleichung nach Torricelli mithilfe der Bernoulli-Gleichung herleiten. Aus dem oben offenen Gefäß fließt das Fluid reibungsfrei und ohne Verluste an der Ausflussöffnung in Höhe [tex]h2[/tex] in die Umgebung mit dem Druckniveau [tex]p0[/tex]. Die Berechnung erfolgt am Beispiel der Energieform der Bernoulli-Gleichung entsprechend Gleichung</Paragraph></PageContent><PageContent PCID="499d3a13a9dc9dd3173d276d4faabc1b"><Paragraph Language="de" Characteristic="Standard">[tex]\frac 12 \cdot  v_1^2 + \frac {p_1}{\rho} + g \cdot h_1 = \frac 12 \cdot  v_2^2 + \frac {p_2}{\rho} + g \cdot h_2[/tex]</Paragraph></PageContent><PageContent PCID="b0882ee6581a2351ee80cb0245b1dc51"><Paragraph Language="de" Characteristic="Standard">mit [tex]p_1=p_2=p_0[/tex] und [tex]v_1≈0[/tex] unter Annahme eines hinreichend großen Reservoirs.</Paragraph></PageContent><PageContent PCID="e83515807380a7919d52b1c692168fd6"><Paragraph Language="de" Characteristic="Standard">Fasst man den Höhenunterschied zu [tex]h=h_1−h_2[/tex] zusammen, ergibt sich die Formel nach Torricelli zu</Paragraph></PageContent><PageContent PCID="2872b82f253d83822d0f4530c609603c"><Paragraph Language="de" Characteristic="Standard">[tex]\frac 12 \cdot  v_2^2 = g \cdot (h_1-h_2)[/tex]</Paragraph></PageContent><PageContent PCID="6ff074074c79f39bcb3a3632cc945d3f"><Paragraph Language="de" Characteristic="Standard">[tex]v_2=\sqrt{2 \cdot g \cdot h}[/tex]</Paragraph></PageContent><PageContent PCID="ab0a4ebcba8e0b52cd8e13180431cfa0"><Paragraph Language="de" Characteristic="Standard">Hierbei ist es nicht relevant, ob die Ausströmung horizontal, nach unten oder nach oben erfolgt, solange sich das Ausströmniveau auf der gleichen Höhe befindet.</Paragraph></PageContent></PageObject><MediaObject><MetaData><General Structure="Hierarchical"><Identifier Catalog="ILIAS" Entry="il_0_mob_4237298"/><Title Language="de">Wassertank</Title><Language Language="de"/><Description Language="de">image/png</Description><Keyword Language="de"/></General></MetaData><MediaItem Purpose="Standard"><Location Type="LocalFile">Herleitung-der-Torricelli-Gleichung.png</Location><Format>image/png</Format><Layout   HorizontalAlign="Left" /></MediaItem></MediaObject></ContentObject>